tsne_1,tsne_2,label
-46.177296,-13.358467,0
-1.4507678,-35.789055,0
-1.4743882,-35.792747,0
-58.88954,-20.01246,0
-58.834167,-20.473839,0
-58.586002,-19.536486,0
-58.3174,-20.963455,0
-58.373756,-20.710438,0
-58.213753,-19.364937,0
-58.176476,-20.072903,0
-57.681286,-18.925793,0
-57.610985,-20.039482,0
-57.602783,-19.777391,0
-57.535816,-20.609283,0
-57.300087,-19.340216,0
-56.924007,-18.991863,0
-56.53083,-19.159939,0
-56.740036,-19.443663,0
-56.959877,-20.238285,0
-56.773537,-19.840294,0
-57.00259,-21.045385,0
-56.719425,-20.58941,0
-54.15804,-15.3785715,0
-56.67299,-20.86139,0
-56.25757,-20.210865,0
-56.22157,-20.036339,0
-55.93881,-19.700817,0
-56.14686,-20.967726,0
-55.605736,-19.824646,0
-55.668674,-20.810448,0
-54.032433,-15.330887,0
-55.57267,-21.22423,0
-55.224052,-20.53574,0
37.000916,-16.350967,0
0.56011325,-31.427986,0
-6.529632,-33.63778,0
-6.3114195,-33.363842,0
-5.885048,-34.49574,0
-7.693227,-34.01657,0
28.912354,-11.133909,0
-24.08453,-2.7844994,0
24.993156,31.261526,0
-4.557457,-29.032478,0
-4.2908287,-28.288202,0
-2.2150238,-28.253801,0
0.94467634,-31.224094,0
-9.58357,-20.065012,0
28.948694,-11.977018,0
11.046346,-27.836794,0
-44.885582,-12.230574,0
38.03288,-14.372199,0
-20.805042,-10.425911,0
-0.122015685,-32.13715,0
-20.106848,-11.597901,0
-6.7937474,-27.573193,0
-6.421478,-27.815514,0
-6.6301928,-27.153444,0
18.647617,-19.361439,0
-3.072869,-29.567074,0
-0.15103245,-32.156525,0
-21.575941,-12.134468,0
-21.65605,-12.158962,0
2.7270043,-11.232173,0
-3.0430048,-27.959816,0
27.386883,-10.967932,0
1.3351957,-30.189505,0
-10.928119,-18.427423,0
11.063125,-28.485985,0
-2.28392,-30.137568,0
36.921635,-14.669308,0
-3.0287926,-29.06074,0
-2.809954,-29.253649,0
-1.2169286,-32.729877,0
-9.545425,-20.427414,0
-1.2294041,-32.77824,0
-18.022202,-12.060672,0
1.4064848,-30.541954,0
-6.199426,-27.196678,0
25.776093,-14.750794,0
-6.243579,-26.759686,0
0.12848794,-31.903719,0
38.216724,-14.444686,0
38.739613,-13.630204,0
-17.027452,-12.059217,0
-17.132385,-11.8352995,0
-6.4746594,-28.342222,0
-4.292145,-27.738329,0
-3.8604581,-29.084734,0
1.3046383,-30.73288,0
-9.919479,-18.81155,0
38.185127,-13.994499,0
-1.6188259,-28.565155,0
19.79075,-9.333161,0
-41.59575,-6.589064,0
2.5467203,-13.854417,0
-6.134488,-28.78991,0
32.984905,-5.3705387,0
-16.941143,-12.449627,0
35.828636,-14.53618,0
24.616104,-5.8655853,0
0.9626778,-13.118431,0
9.574443,-28.230656,0
-12.1126,-14.687578,0
2.6848574,-31.118912,0
-18.966625,-12.675717,0
-8.290289,-21.174992,0
36.12961,-14.550951,0
1.5530887,-32.885445,0
-3.8798819,-10.903766,0
-1.2876014,-29.604628,0
24.981916,-15.383864,0
26.137177,-15.59307,0
1.6790373,-12.856038,0
18.373505,-19.063705,0
1.4595059,-16.3631,0
-24.416477,-1.5055403,0
19.142588,-10.969503,0
-23.508724,-2.1162076,0
-0.026046585,-28.085651,0
2.740103,-31.246506,0
-18.923285,-12.904385,0
3.0375912,-29.977737,0
28.465157,-10.321252,0
3.1848626,-29.735235,0
37.532898,-13.768919,0
3.0209036,-29.215113,0
2.941056,-29.369392,0
-8.83394,-19.120045,0
25.356394,31.245733,0
25.364466,31.34594,0
-21.16503,-10.893343,0
25.445984,30.267204,0
25.798134,30.330278,0
-21.648182,-11.70744,0
-9.637829,-29.760544,0
-5.3259673,-32.880157,0
-24.124903,-2.4395711,0
-24.10371,-4.991741,0
-24.099318,-4.8614054,0
-9.989485,-30.277338,1
-9.141757,-30.251055,1
-8.607381,-30.264227,1
-5.7142873,-33.2733,1
-5.7948933,-33.51331,1
-11.342371,-29.650463,1
32.30691,-6.311103,1
31.870192,-6.4472275,1
31.646074,-6.348517,1
-7.3318286,-32.52505,1
-7.861227,-31.758213,1
-24.340086,-5.485914,0
26.769205,-16.03721,0
-11.641912,-33.99694,1
-12.550054,-34.024105,1
32.837563,-4.918761,1
32.395187,-4.638067,1
-8.570486,-36.456833,1
-7.3491845,-37.004826,1
-10.366992,-34.689655,1
-8.128058,-36.18101,1
-7.179657,-37.127823,1
-9.463283,-35.16082,1
-9.405147,-35.198624,1
34.184757,-5.7877812,1
32.11943,-4.9813046,1
32.183117,-4.9625096,1
-12.828151,-33.95804,1
-11.36609,-33.099144,1
-12.040293,-33.13803,1
-11.969958,-32.710022,1
-11.879715,-32.430176,1
-10.175257,-34.790012,1
-9.598571,-34.810486,1
-9.498244,-34.649624,1
34.07435,-5.8626466,0
-11.405573,-30.998623,0
-22.15676,-12.763635,0
32.330147,-5.389326,0
-11.387631,-31.381231,0
-8.574898,-33.99681,0
32.84291,-5.0913954,0
-8.963027,-35.679565,0
-8.633638,-35.00543,0
-22.469402,-12.805297,0
33.024273,-19.679333,0
34.105267,-5.602943,0
-10.384653,-34.05971,0
30.327383,-2.6997695,0
-24.132668,-4.9244766,0
-24.46971,-4.6667314,0
-24.415127,-4.906654,0
-11.100145,-32.91901,0
-9.008269,-34.819145,0
-9.656233,-34.16621,0
-24.432806,-5.8784966,0
-11.431854,-33.18213,0
-13.267798,-33.28936,0
-13.313826,-33.317017,0
33.05841,-5.8666153,0
30.283106,-2.6434743,0
-9.828663,-32.033348,0
-10.36914,-33.378708,0
-24.526844,-5.972036,0
-9.400863,-36.12017,0
32.81685,-19.92588,0
-10.07854,-35.864403,0
-24.168875,-3.7594132,0
31.948114,-5.977669,0
-37.77282,-9.645377,0
-9.549733,-16.604523,1
-9.86509,-16.58542,1
-9.654532,-17.196178,1
-9.645001,-17.035242,1
-9.087428,-17.691895,1
20.183157,-10.149148,1
27.857538,-10.075108,1
35.914,-13.822579,1
3.2676725,-14.13832,1
2.5141144,-12.380569,1
-2.6228876,-12.882767,1
1.2385517,-13.484979,1
3.2608252,-12.180071,1
2.8359692,-12.24746,1
-9.244437,-15.656147,1
27.125238,-9.919012,1
27.762096,-10.396849,1
27.591026,-10.0506115,1
5.6021285,-11.8918085,1
3.3753893,-13.406049,1
3.7352905,-12.793278,1
3.5694015,-13.155548,1
2.542406,-14.0751295,1
1.9792005,-13.631873,1
3.0741959,-13.06083,1
2.8824286,-13.268319,1
-37.685204,-9.71752,1
-37.621304,-9.741025,1
22.96432,-9.185061,1
-51.361313,-18.972397,1
-50.29529,-18.304731,1
-50.901066,-18.777813,1
-50.584442,-18.990185,1
-50.727837,-19.237923,1
-50.75085,-19.248087,1
-51.117832,-19.056385,1
-51.14536,-18.893345,1
30.289465,-11.705927,0
0.1282191,-11.972826,0
-11.895391,-14.649881,0
-22.01517,-1.8096534,0
-13.256689,-11.058463,0
-9.4104185,-15.484524,0
-5.406052,-20.391668,0
-25.032448,-0.4904584,0
25.083601,32.06558,0
-23.928202,-1.8969631,0
-10.530205,-15.670757,0
20.852837,-9.812403,0
4.9637003,-12.187886,0
-9.196523,-17.07508,0
26.301094,-10.064127,1
26.156984,-9.926031,1
21.10908,-9.956423,1
-13.45394,-10.999263,1
-16.790258,-13.1842375,1
-16.754595,-13.154463,1
-45.615345,-11.804974,1
-2.5844579,-11.086108,1
-2.867302,-11.187431,1
21.348717,-10.10753,1
26.105042,-9.684591,1
25.465359,-9.276896,1
23.222887,-10.001104,1
-5.253511,-11.321982,1
-5.3483295,-20.364332,0
30.761763,-7.5351357,0
-10.912524,-16.212164,0
29.77575,-10.68139,0
4.389657,-31.490438,0
35.41677,-15.584235,0
0.7303676,-23.79748,0
0.30229172,-24.11282,0
1.9697448,-24.037724,0
40.429886,-11.912979,0
27.435884,-16.853369,0
4.440855,-30.876057,0
3.8929482,-32.54979,0
4.396818,-32.634575,0
25.510908,-9.763001,0
26.549635,30.776173,0
-22.371944,-1.671815,0
-24.244188,0.0711999,0
-6.0029063,-10.509062,0
-25.121668,-0.1414187,0
24.508636,-15.113563,0
27.221972,-9.1862135,0
35.802383,-16.482042,0
-1.8732481,-7.7354264,1
-1.7468859,-7.615282,1
-1.8288733,-7.6470175,1
39.871094,-11.530086,1
39.3717,-11.350651,1
39.866203,-11.773059,1
4.887832,-32.483902,0
37.063824,-12.319346,1
24.541204,-8.9274235,1
2.236835,-16.083342,1
-2.2011516,-12.998784,1
-2.2374754,-13.007987,1
-0.60321593,-13.194944,1
-2.9591768,-13.44848,1
-12.140558,-14.106632,1
1.9279872,-16.213894,1
4.833872,-29.128696,1
36.934856,-12.7362385,1
36.398487,-12.124601,1
2.571439,-16.446442,1
-18.53508,-14.148976,1
-18.745955,-14.068085,1
-18.676342,-14.103291,1
-18.145279,-14.1127405,1
-18.16242,-14.08766,1
-18.140882,-14.153494,1
25.104355,32.181526,1
25.156628,32.185028,1
26.793602,30.741514,0
4.636063,-30.80961,0
4.8061905,-32.632843,1
11.2342825,-30.038635,1
11.200782,-30.060255,1
11.18785,-30.103535,1
31.33733,-12.68725,1
33.187565,-13.314688,1
27.768694,-17.196735,1
2.5290735,-22.848679,1
5.0308533,-33.16824,1
5.2972198,-33.348434,1
-45.888805,-11.081076,0
19.516388,-13.529085,0
11.429278,-30.380337,0
-5.827697,-19.641817,0
30.319304,-16.607697,0
30.621721,-10.659952,0
-0.9409663,-21.678669,0
4.3929195,-14.098037,0
19.868433,-11.35839,0
11.304558,-30.003439,0
8.982491,-28.568928,0
29.36034,-10.188216,0
2.3395731,-23.61296,0
1.4764245,-23.386358,0
-13.403784,-9.875119,1
-8.827148,-11.898288,1
-9.18148,-11.938322,1
-9.673243,-11.709461,1
21.830132,-9.832882,1
25.551756,-8.884467,1
26.329155,-9.142404,1
-9.413724,-11.756883,1
-5.153777,-10.413293,1
-0.81273127,-9.827961,1
-0.77632797,-9.937573,1
2.0548718,-15.053978,0
4.8628397,-30.084356,0
18.14944,-18.918255,0
4.1569924,-13.839429,0
2.7644048,-23.624205,0
-13.608599,-13.779045,0
-22.074024,-2.955135,0
3.4391308,-17.76107,0
30.436861,-16.648718,0
3.447268,-18.182514,0
-6.2253046,-8.82176,0
4.39574,-15.679475,0
38.15159,-11.835929,0
35.286213,-11.548879,0
31.332844,-12.384407,0
1.3253127,-21.900589,1
1.2694838,-22.594715,1
0.6552963,-22.53812,1
0.96413064,-22.20212,1
2.4270442,-23.161257,1
3.2665584,-23.29199,1
5.7153673,-32.632885,1
7.6818843,-34.013725,1
35.080193,-16.629345,1
35.147392,-16.574368,1
7.503996,-34.199543,1
6.70299,-33.28528,1
7.099168,-32.688606,1
6.6036286,-32.672676,1
7.0285597,-32.27483,1
7.1196194,-31.965397,1
7.3397074,-32.057896,1
34.892876,-17.257923,1
35.513,-16.891499,1
35.014584,-17.06303,1
7.108475,-34.471626,1
7.113011,-32.762474,1
-1.5668184,-23.541094,1
12.168555,-30.49331,1
-20.923336,-13.826847,1
-20.754593,-14.175195,1
-20.85481,-14.156795,1
-44.525185,-12.247091,1
-39.731495,-5.5070944,1
34.753616,-17.924505,1
16.765667,-13.875461,1
-44.549503,-12.198314,1
11.999266,-30.476013,1
-20.62953,-14.050522,1
-20.780743,-13.680353,1
0.39233038,-22.90308,0
6.793556,-33.34317,0
37.33471,-12.290613,0
36.487312,-12.995148,0
6.9131036,-30.398386,1
1.450284,-21.235462,1
31.43334,-11.222641,1
32.60362,-13.277427,1
1.9292215,-20.915981,1
2.2354517,-22.05267,1
-1.2674263,-21.626144,1
-0.6810598,-21.929527,1
-0.026538828,-22.165825,1
-1.3218058,-22.358648,1
8.015538,-31.177637,1
34.84247,-18.806442,1
26.493984,30.166885,1
26.787266,30.585106,1
-6.3497224,-18.336033,0
32.381947,-7.453311,0
33.548622,-18.88694,0
-24.11712,-9.3364105,0
-9.869753,-30.70961,0
29.875242,-16.529665,0
27.553072,-16.448122,0
5.769276,-25.449497,0
-23.774511,-1.0789844,0
-4.6671405,-19.405529,0
17.059174,-13.829374,0
-4.4641066,-19.871525,0
31.392056,-8.314698,0
17.327608,-13.8089695,0
31.754778,-7.8494897,0
-5.5045934,-18.944485,0
3.7153463,-22.239246,0
19.527018,-13.531519,0
-9.156469,-32.671757,0
8.334442,-30.713928,0
7.96136,-32.358227,0
34.49754,-18.25639,0
-8.955262,-31.839792,0
32.256844,-7.4622054,0
32.594402,-6.7712617,0
35.637447,-5.8526583,0
-11.57173,-35.479584,0
-10.205639,-37.66349,0
29.755098,38.63708,0
32.97974,-3.6569872,0
-23.802229,-9.725188,0
7.5786967,-30.936916,0
30.79272,-9.265434,0
-1.7183797,-21.25256,0
28.599968,-16.453613,0
-6.6452274,-17.806576,0
-23.215672,-0.030895676,0
-15.90767,-17.1412,0
4.9151053,-16.292162,0
4.686971,-16.22234,0
27.397202,-19.776537,0
-6.5760803,-17.738346,0
-6.735958,-12.036981,0
-11.907447,-11.936167,0
22.036674,32.41445,0
-1.2604456,-11.003902,0
-23.90737,-0.37075943,0
-6.3045473,-9.42001,0
37.282963,-10.905248,0
-6.5639534,-16.261175,0
-8.044343,-10.858062,0
-8.305598,-10.874554,0
-8.897091,-9.6956215,0
21.890537,-10.455879,0
-7.871213,-11.223813,0
26.81226,-8.472996,0
3.897308,-21.175358,0
33.44828,-14.178035,1
27.926554,-18.287556,1
5.1700296,-24.656786,1
5.236302,-24.733139,1
7.244862,-20.199455,1
7.1644554,-20.18039,1
6.250099,-20.472248,1
5.147747,-21.419388,1
6.51196,-20.387629,1
28.31562,-17.887556,1
32.89679,-13.953992,1
32.68909,-14.758317,1
6.496785,-20.786846,1
7.4140925,-20.005741,1
5.0479107,-21.673706,1
6.019701,-21.122227,1
5.176321,-21.915377,1
5.2789407,-21.167398,1
28.020298,-18.021421,1
33.193016,-14.442779,1
33.319122,-14.338942,1
29.028172,-16.539955,1
4.740393,-19.94478,1
4.6438427,-20.223146,1
-39.83347,-5.4299226,0
5.725409,-21.819942,0
32.72404,-14.27749,0
-25.772081,0.5029786,1
-11.23718,-8.921899,1
-10.187679,-9.024463,1
-9.307417,-8.784498,1
-11.864478,-8.188761,1
-10.070781,-8.739302,1
39.977207,-9.748161,1
39.965164,-9.742785,1
-42.817944,-7.1633883,1
-42.633606,-7.5013566,1
-0.5713697,-6.942344,1
-0.5198398,-6.7753377,1
-7.89378,-9.044072,1
-8.405471,-9.525959,1
-7.448166,-9.609184,1
-7.6162815,-14.64767,0
-16.411299,-16.341452,0
5.4366655,-19.025743,0
-23.260496,0.62910396,0
-23.217607,0.44407532,0
25.378881,33.2789,0
27.64676,-19.039059,0
28.225197,-16.49461,0
32.35349,-12.122531,0
38.068092,-10.4576435,0
38.373077,-10.641592,0
4.9073243,-20.331964,0
37.200214,-11.323118,0
-7.542916,-12.4031105,0
1.6266,-4.4031324,0
0.9277455,-5.727441,0
-16.058151,-15.474574,0
-15.885526,-15.381739,0
-7.538409,-13.162653,0
-9.364284,-10.580038,0
25.06053,33.066555,0
0.97516704,-5.851514,0
-6.556454,-13.117573,0
-6.100582,-12.406834,0
-23.310099,-0.3885845,0
-5.4004946,-17.056435,0
25.92263,-8.195379,0
21.93526,-11.05162,0
18.8617,-13.380234,0
34.227562,-14.047112,0
-5.806644,-15.726997,0
-22.370613,1.341971,0
0.97895765,-4.575713,0
-5.7028875,-9.351496,0
-7.257448,-10.752497,0
0.44757998,-7.342598,0
37.338997,-9.774534,0
-16.912771,-16.951487,0
-7.3040814,-11.337004,0
27.153284,-7.9980116,0
-6.108085,-14.449474,0
-7.1030054,-12.012511,0
-12.668152,-9.251156,0
-5.2029986,-14.93285,0
21.218016,-12.312779,0
-5.5163784,-15.35079,0
-5.747243,-16.376102,0
-16.56303,-15.813669,0
-7.63922,-10.231524,0
37.691208,-9.986522,0
1.2238419,-7.1588044,0
-7.234538,-13.334827,0
23.575573,32.939556,0
-4.0760865,-16.832447,0
-5.4811907,-16.695272,0
-19.890898,-14.820443,0
21.152891,-12.331914,0
25.757067,33.64524,0
25.054857,33.54223,0
-23.615616,0.9705342,0
-23.792736,1.0718744,0
-22.780964,1.0949365,0
-1.7302252,-6.3614774,0
-7.8155336,-9.980779,0
-12.399186,-9.220482,0
25.735884,-7.6347237,0
24.134258,-6.869137,0
21.739124,-11.133176,0
-13.69008,-8.6586485,0
1.3835057,-6.5517716,0
24.683126,34.043224,0
1.1775075,-5.953447,0
1.320084,-6.1661963,0
-16.685175,-16.955875,0
-17.260128,-15.900197,0
-5.968155,-13.686468,0
3.1632388,-4.771171,0
3.5284872,-4.6701193,0
7.7570796,-21.38571,0
-43.565746,-3.6064587,1
-44.705826,-3.842334,1
-44.97473,-11.543536,1
9.380127,-22.67558,1
8.937221,-23.383242,1
8.423107,-21.530714,1
8.267781,-21.632826,1
29.20666,-17.39994,1
33.20486,-15.41339,1
31.835606,-15.734849,1
8.302814,-20.71598,1
8.349445,-21.88805,1
8.758862,-21.036247,1
8.348556,-22.656443,1
8.695937,-24.997028,1
9.573322,-32.51862,1
8.839239,-33.956314,1
33.994488,-17.689629,1
33.884132,-17.59577,1
32.46602,-15.671316,1
8.946084,-22.73995,1
7.7069545,-22.378345,1
8.143167,-23.307001,1
10.56647,-31.68214,0
7.010845,-25.158283,0
7.1557665,-25.157076,0
-4.3610225,-16.387669,0
-3.6567817,-16.976576,0
11.139844,-22.591627,0
-6.9481654,-3.1328905,0
10.759753,-21.884556,0
24.361734,-19.37829,0
9.45033,-21.793835,0
-3.4522345,-17.206942,0
-2.7397368,-17.950808,0
32.982346,-16.411892,0
26.572636,-6.430181,0
33.354996,-15.12047,0
-2.132159,-18.129133,0
7.445417,-23.082693,0
-14.9967575,13.682386,0
11.374302,-22.745583,0
-7.8354974,-3.154944,0
-2.6472008,-18.172411,0
11.797876,-22.76491,0
24.569004,-19.250036,0
24.898912,-19.054064,0
12.471041,-22.657867,0
13.214894,-22.52221,0
34.380547,-3.6643357,0
12.800806,-22.62498,0
12.240491,3.9472134,0
-53.80703,-22.022545,0
-53.55403,-21.337757,0
-53.169968,-15.0881605,0
-53.10848,-20.728891,0
-52.667778,-20.626635,0
-53.17335,-20.892773,0
-53.084026,-21.13612,0
-52.646816,-21.045458,0
-53.19612,-21.823944,0
-53.183285,-21.791004,0
-52.693687,-21.602837,0
-53.173122,-15.106698,0
-52.522232,-21.598217,0
39.203697,2.7196503,0
-27.81853,7.937274,0
-2.3739824,9.104191,0
2.7565608,8.659007,0
42.22126,4.949308,0
39.965897,4.339638,0
0.6454322,8.438551,0
-27.557714,12.322486,0
-7.902484,22.809052,0
-23.500769,16.457537,0
-14.608357,15.825658,0
-1.6898681,9.492235,0
-7.708547,21.417107,0
35.505,12.699796,0
-11.066172,19.34687,0
-2.28231,9.252832,0
23.488323,35.667812,1
21.730616,34.82559,1
-28.552378,7.785917,1
-28.491943,7.9189515,1
-10.150707,21.427065,1
-8.530029,20.783972,1
-28.448763,7.044937,1
-28.027037,8.607465,1
-10.597571,22.05076,1
-9.348634,23.354204,1
41.083992,9.1429205,0
-3.207488,9.426187,0
-6.524266,24.164637,0
40.668346,8.913154,0
-8.961516,22.22377,0
-3.5572598,11.80297,0
-2.2196493,8.013123,0
-22.714628,17.815617,0
0.70247227,8.524962,0
17.647114,20.227427,0
41.114662,5.097192,0
0.8702977,8.78639,0
-14.736748,15.11677,0
0.13302343,7.0155735,0
-8.924161,21.678812,0
1.6142981,7.067231,0
0.5110935,9.452206,0
-52.4836,-14.825024,1
-52.39756,-14.784327,1
-51.347343,-20.115446,1
-51.34378,-20.156416,1
-6.753513,25.555893,1
-5.7177815,24.336525,1
-5.6067867,24.318304,1
1.2778764,9.037892,1
1.1540157,9.068628,1
1.1599758,5.62475,1
0.95401543,4.593057,1
33.984825,19.19798,1
25.844837,35.864105,1
26.06071,35.851562,1
-28.313974,17.331442,1
-22.634886,17.88252,1
-15.039091,20.734304,1
-26.440273,12.493278,1
37.486523,12.945183,1
37.3993,12.695118,1
0.9014449,5.036832,0
37.18409,12.899154,0
42.719734,4.1985064,0
-9.262025,20.84074,1
-9.131939,20.772127,1
43.06432,13.3788185,1
41.54517,13.384731,1
42.205368,13.245455,1
-4.8342814,12.419885,1
-3.8409514,9.607782,1
-3.4518347,9.846108,1
41.6412,6.0860143,0
-3.2086518,7.17406,0
-5.81879,10.888537,0
-5.61222,10.824871,0
42.978683,9.14392,0
-0.57823634,8.88067,1
-0.4077764,9.164834,1
-1.6667438,9.606799,1
-1.9149861,7.942048,1
42.357006,4.659114,1
41.047153,5.438666,1
40.977974,7.182844,1
-14.733979,22.650995,1
-14.896501,22.40227,1
-8.687507,22.497644,1
-2.9569821,10.823573,1
-3.0180066,11.0763445,1
-3.0295517,10.492171,1
42.044483,7.0751753,1
41.327675,6.0283704,1
41.267445,5.6856923,1
32.66966,15.933374,1
0.6141926,4.8461294,1
-14.130309,16.226421,1
-0.42372406,9.940647,1
0.10591576,9.073376,0
-14.489787,21.204868,0
-7.462469,26.414188,0
-9.516474,18.75095,0
-9.392767,23.518503,0
-15.132265,18.487312,0
-17.958569,25.825272,0
-8.731882,23.046265,0
-9.243761,19.305273,0
-29.473598,7.667575,0
-28.523008,8.635677,0
-7.8322024,23.264929,0
-28.446524,9.104009,0
-27.112349,10.409564,0
-0.12736167,4.8827815,0
-28.53883,8.648048,0
-2.1729333,19.482271,0
-1.9803648,10.473352,0
-2.233895,10.635721,0
-30.793749,6.74008,0
-5.2403364,12.092854,0
-8.016615,21.908585,0
-21.159548,23.161482,0
35.275513,6.490412,0
10.9621315,14.437547,0
-6.3396225,26.195295,0
26.237911,36.095467,0
40.29469,6.4753256,0
-2.8891153,7.390682,0
0.6151982,10.099823,0
-28.959822,17.923576,0
36.623943,15.172759,0
-29.67795,8.2248535,1
22.415073,35.886703,1
23.141884,36.145096,1
23.172695,36.08545,1
-25.422102,10.266322,1
-29.202114,8.156797,1
-29.34036,8.452412,1
-29.356106,8.658558,1
-29.537203,8.840602,1
-29.084066,9.114058,1
-28.794172,9.43685,1
-29.105343,9.324723,1
-26.350714,10.41035,1
23.724855,36.204082,1
-4.097907,11.066565,0
-7.83746,26.498274,0
38.324585,12.599089,0
-11.814103,29.223433,0
-27.594158,17.017906,0
-27.676384,15.447677,0
-22.477945,18.026495,0
-28.908384,11.115423,0
-3.161731,10.678761,0
42.174984,6.6119103,0
-13.813115,21.010788,0
-28.101492,12.028518,0
-28.170773,11.972502,0
-14.080371,21.268597,0
-28.668442,10.53511,0
-5.8080945,26.39553,0
-40.845463,-5.332503,0
-7.3124404,17.542118,0
-30.097427,19.074944,0
-29.57356,19.12891,0
-29.839443,19.678373,0
27.65748,39.044937,0
-28.967648,22.771269,0
28.264833,38.35804,0
-28.84109,22.435349,0
-28.752836,22.470785,0
-30.52464,19.945187,0
16.01143,13.237868,0
14.441906,6.5386944,0
16.26048,6.391356,0
13.344743,10.558501,0
30.43177,7.0415154,0
16.312681,5.7164183,1
17.263382,7.7519274,1
29.827349,5.87075,1
30.075258,5.5069666,1
27.272923,4.891714,1
16.809921,5.2206855,1
16.682585,5.601919,1
16.949297,6.303979,1
17.255726,7.3630495,1
16.964674,5.2825522,1
16.880428,5.7434287,1
28.060436,4.997731,1
30.292004,4.5437636,1
30.428806,4.617347,1
17.381674,5.7180705,1
17.672623,7.454041,1
18.054836,8.388366,1
20.633324,8.162523,1
29.781971,4.918559,1
29.660183,5.574514,1
27.366747,5.0147576,1
16.995201,6.388623,1
15.204222,3.2867312,0
16.3029,15.234519,0
14.702296,10.017801,1
15.320451,10.181739,1
14.417002,6.6118975,1
15.479525,9.6398945,1
30.592821,6.5190167,1
30.522083,6.3462195,1
-24.78658,24.69786,1
-28.149694,22.965277,1
14.698293,9.645977,1
15.493611,7.027924,1
15.354829,7.8879476,1
-22.395813,22.660112,1
14.540107,19.210651,1
17.334387,19.79949,1
32.406742,8.750024,1
36.09169,6.4294367,1
16.244972,19.634043,1
15.115021,17.40302,1
14.61785,18.31104,1
14.760651,18.45444,1
12.086207,19.08752,1
3.9814885,16.650742,1
-22.08945,23.187431,1
31.702574,8.96159,1
32.14274,8.981028,1
15.113703,15.255801,1
13.430905,16.562496,1
14.018991,16.475567,1
-20.084793,25.705227,1
-20.086226,25.73305,1
-42.340736,-5.2652054,1
32.077946,8.661405,1
30.613916,10.72012,1
31.412298,6.8821692,0
30.122854,9.353521,0
21.193058,8.330273,1
14.094312,10.552868,1
14.640575,10.8240795,1
14.351977,11.716687,1
14.773827,12.458167,1
14.935716,11.911151,1
14.045971,12.495517,1
27.789824,3.770739,1
31.237621,4.2798142,1
31.32401,4.158924,1
27.696468,3.7361178,1
15.712904,12.348224,1
13.738862,12.079057,1
15.93959,11.654117,1
-25.126572,23.618711,1
-27.461493,22.534363,1
-24.846718,23.838726,1
13.230437,12.47851,1
28.431677,38.278446,0
-52.063065,-21.090267,1
-52.593636,-15.539773,1
-52.76479,-14.979799,1
-52.822666,-14.999654,1
-42.863033,-4.387596,1
-19.564638,26.609905,1
14.537551,11.422842,1
16.063034,12.707495,1
15.081229,11.985583,1
13.866663,12.056721,1
14.541192,12.356068,1
15.294535,12.87864,1
14.393786,13.474283,1
12.521499,18.93609,0
-21.549267,25.826445,1
-20.544157,25.406355,1
-20.36909,25.446321,1
-20.300308,25.45734,1
-18.653791,25.803638,1
-42.942112,-3.864693,1
15.043745,17.125347,1
-43.395016,-4.382847,1
32.900093,8.779725,1
32.9193,9.341623,1
33.264523,8.750572,1
16.738192,15.384881,1
-22.838291,22.794554,1
-23.583544,22.458271,1
32.26104,9.82557,0
11.437251,19.13963,0
-30.817871,19.470507,0
-30.886517,19.273191,1
-31.132742,19.34688,1
-31.444008,19.00809,1
-31.240519,19.103153,1
26.348387,37.029675,1
27.460995,36.622543,1
-14.884913,14.252016,1
-22.73826,21.992476,1
12.587132,19.746624,1
13.671707,19.960686,0
13.3258295,20.083284,0
14.28153,19.650793,1
13.622959,19.838146,1
32.43484,7.9983764,1
19.098583,19.342863,1
12.563299,17.369955,1
12.872755,17.477886,1
14.5531225,17.65488,1
15.431118,16.237051,1
12.466856,18.059742,1
13.456106,17.353945,1
12.56733,18.111666,1
18.739408,19.579285,1
32.671833,8.380031,1
17.761759,5.4503274,0
18.151892,5.9640713,1
20.357185,7.973337,1
17.86611,6.148603,0
19.718073,8.086872,0
18.53015,6.268874,0
12.445025,4.1352415,0
-28.29284,24.330866,0
28.922892,38.45131,0
-27.963379,23.018126,0
-29.43094,20.658821,0
-31.068676,20.056797,0
-28.406126,23.48159,0
27.708382,37.83987,0
-30.522757,20.225283,0
-28.597902,23.258928,0
-28.60947,22.936237,0
11.317389,18.958323,0
-3.2302952,12.820915,0
-3.5008206,14.364304,0
3.4251938,17.240976,0
43.295708,8.902312,1
21.565756,36.468113,1
-31.19445,7.809563,1
-31.20607,7.7884007,1
-0.3012437,22.01722,1
-2.1991003,23.459509,1
-5.7229557,27.202682,1
-4.6740856,27.293734,1
-0.5375239,17.89874,0
-4.489966,15.682324,1
41.236942,14.028218,1
40.935993,13.238007,1
40.876553,13.6114435,1
-9.849353,25.035439,1
-7.3152776,19.57673,1
-3.652402,15.133048,1
-3.1307843,15.3966255,1
-2.528973,15.188479,0
-27.591011,18.566845,0
26.829899,37.9929,0
10.955613,14.56194,0
2.0470552,18.527206,0
37.764114,13.863971,0
2.9239898,20.055662,0
2.6695416,20.198547,0
-5.4664907,30.36386,0
-8.316078,18.6852,0
38.739708,12.914191,0
-7.508227,30.539562,1
-4.1922355,30.6966,1
-5.0140696,30.589317,1
-7.851222,30.257915,1
-1.7731011,22.241362,1
-0.073582955,19.51974,1
38.224003,6.930691,1
38.1738,9.260664,1
38.14554,13.583817,1
-4.057045,28.604944,1
-4.471232,27.910086,1
-4.4615602,25.986494,1
-0.5797865,20.13644,1
-0.91563636,19.405472,1
-0.930756,19.502949,1
-1.2012637,21.010214,1
0.89405257,18.931187,1
0.24955697,4.6895385,1
-15.215722,18.629328,1
-27.97825,15.120548,1
-28.021076,15.078238,1
-27.537674,14.550694,1
25.222857,36.516384,1
25.011602,36.4084,1
24.868023,36.488316,1
-27.80669,14.789523,1
-5.3304887,31.401594,1
-2.2224748,30.18419,1
-2.3749661,30.346972,1
-5.818085,31.170872,1
-3.2209284,30.455978,1
-2.7551014,30.030432,1
-1.8234484,29.255995,1
35.75738,13.987035,1
37.38071,10.982552,1
35.12697,15.057331,1
-4.505466,28.130774,1
-3.9803991,28.039156,1
-1.781087,28.219717,1
-2.100382,26.527454,1
-1.7924587,24.61329,0
-1.8208315,24.989126,0
-11.451067,29.34367,0
-2.2092335,26.398968,0
26.829802,37.23686,0
16.00586,19.826042,0
40.78782,6.7432737,0
39.367344,15.256821,0
-3.1542296,27.991129,0
1.0153049,21.404585,0
-0.3208065,21.505795,0
-30.39945,18.40268,1
-30.146929,18.094872,1
-30.086523,18.366535,1
-29.828661,18.78776,1
-23.495207,22.12161,1
32.47564,9.797293,1
28.037313,36.36552,1
26.810984,37.723736,1
-29.139418,19.013447,1
-22.81437,22.27594,1
12.475412,20.481897,1
-44.307755,-6.4747753,0
-44.869137,-6.331572,1
-44.566383,-6.3296,1
-43.723442,-6.064492,1
-42.047092,-5.8969197,1
-42.04583,-5.864358,1
-42.616547,-5.8453627,1
-44.067787,-5.741514,1
-44.46734,-5.8584676,1
-45.115135,-5.2208076,1
-45.22475,-5.459738,1
-44.877464,-4.9873815,1
-44.599926,-5.1297693,1
-44.33318,-5.4528265,1
-44.3708,-5.304913,1
-45.096718,-5.779364,1
-45.11948,-5.949449,1
38.789986,14.2064085,1
39.081646,13.571681,1
37.56185,11.034002,1
-0.21777402,28.964542,1
-6.4188023,28.361578,1
-10.769498,29.539375,1
-2.73942,28.770494,1
-5.553946,28.21724,1
-4.2410545,29.808544,1
-6.8338223,31.255999,1
-29.810715,13.066753,1
-25.789022,11.186649,1
39.191338,13.163859,1
39.159954,13.051446,1
-1.6279109,28.479103,1
-6.0128374,29.207092,1
38.947292,8.442931,1
38.431755,11.039338,1
34.623,16.436457,1
-5.4801593,28.440256,1
-4.834384,28.744442,1
-6.848828,28.981817,1
-10.85267,29.569967,1
-10.932303,29.788237,1
35.16066,16.31232,0
4.5782704,20.913578,0
-16.55281,21.010345,1
-29.114767,14.251448,1
-27.1805,14.829488,1
38.983997,10.392553,1
38.911655,10.122317,1
34.864166,18.418776,1
-4.949397,33.533333,1
-5.100147,33.235977,1
-2.0816813,31.652699,1
-1.7968733,31.28301,1
-6.174112,33.377697,1
-7.13141,32.53682,1
34.917576,18.273111,1
23.722637,37.5685,1
23.28,38.014454,1
-40.541218,-4.4997234,1
-1.6566899,17.35578,0
41.411907,14.516435,0
42.91352,12.99853,0
-7.434093,19.075596,0
-11.310299,19.53846,0
-4.0661135,30.957981,0
35.25802,13.999563,0
-1.2032257,27.0607,1
-1.3896722,26.080301,1
-0.6430471,21.1761,1
34.0214,16.001127,1
37.925117,9.884605,1
38.030434,11.472244,1
35.178776,14.31907,1
-2.8003383,25.227047,1
-1.7892394,25.424421,1
0.6651334,18.385662,1
-13.194043,16.62515,1
-14.541324,17.357346,1
-14.561791,17.33981,1
-12.90123,16.558218,1
1.3016137,17.125849,1
38.887432,7.0730124,1
38.71242,6.217973,1
32.365417,15.317249,1
39.263493,12.384505,0
18.718279,19.997887,0
36.525417,6.904786,0
36.128853,5.0766234,0
35.864475,6.779671,0
32.933403,13.166633,0
15.777315,16.414333,0
0.8204103,17.315847,0
43.14479,5.4398413,0
4.7077193,20.836588,0
-0.6193981,17.28054,0
-2.369995,17.7466,0
-30.473278,12.284887,0
25.419062,37.25989,0
24.104536,36.921257,0
-0.1816456,17.790312,0
-4.472933,31.850863,0
-1.9735327,18.019161,0
38.583225,7.8600597,1
38.19155,7.450967,1
32.315536,16.11338,1
0.30481824,19.926767,1
-6.0408688,29.676651,1
-8.4717455,30.812546,1
-14.823538,17.729254,1
-13.41699,16.760397,1
0.562352,18.671371,1
36.552914,15.546571,1
38.997475,7.921696,1
38.526047,7.6862426,1
2.6784954,22.476534,1
-43.53773,-4.569847,1
2.6821985,22.499193,1
-42.819122,-3.9284797,1
-5.5980334,32.13689,1
-0.6022585,26.057673,1
32.72247,15.433916,1
38.0183,10.821282,0
-3.07613,16.323687,0
-1.9083227,15.85674,0
-0.9653912,17.233076,0
34.29555,18.412533,0
37.689713,7.021659,0
-0.8361087,18.968502,0
38.566586,8.365725,0
1.0091727,20.502907,0
36.669983,6.794321,0
1.4431703,20.29488,0
-3.179006,27.508846,0
-4.7834797,9.349625,0
-5.3990717,9.723843,0
23.09003,36.852577,1
22.83494,36.751522,1
-24.903091,10.301389,1
-31.336128,8.829266,1
-31.376602,8.72955,1
-31.460606,8.576688,1
-31.2262,12.906799,1
-30.429379,17.837936,1
-30.242731,17.687008,1
-29.901806,16.614393,1
25.868567,37.335987,1
25.203388,37.19818,1
24.970102,37.481808,1
38.132767,8.092324,0
37.752434,8.196087,0
-7.5484815,17.753143,0
-3.651769,31.878426,0
-25.54228,10.984204,0
-6.8232155,30.389482,0
-6.438286,31.124598,0
-7.4236913,31.900959,0
-3.5235226,16.315573,0
-6.379701,31.9176,0
-31.292395,9.152672,0
-3.5387275,16.304956,0
-4.652481,31.40945,0
-14.890532,17.637712,0
-6.0836616,17.206533,0
-13.398907,22.345816,0
-4.6641583,17.976519,0
-9.093149,29.882465,0
3.0913267,17.217207,0
-31.45283,11.379568,0
40.023304,13.816346,0
-2.104341,16.49397,0
-1.3234942,16.663416,1
-1.9908186,16.823803,1
-2.4329672,16.918169,1
-3.2668827,17.378302,1
5.434413,20.480234,1
43.43573,5.7162333,1
43.16089,6.0022063,1
-4.36954,16.427227,1
-4.565375,16.874172,1
-4.831755,16.946182,1
-5.1847057,16.096153,0
-31.420416,14.004321,1
-31.1131,13.610578,1
-31.158691,13.746084,1
-31.589973,13.495512,1
-24.750643,11.105828,1
24.49817,37.387367,1
24.96604,37.98839,1
-30.918358,14.721247,1
-30.990112,14.298471,1
-31.583635,14.615938,1
-31.625895,14.276324,1
-32.011566,13.91698,1
-32.039783,14.135336,1
-31.827072,13.5416,1
24.636717,38.905872,1
-42.641785,-1.1509233,1
-42.643883,-1.1417686,1
-41.17336,-0.8425115,1
-40.977337,-0.8022933,1
-40.973442,-0.8020421,1
-41.8687,-0.9602654,1
-42.586926,-1.1026314,1
-42.637177,-1.0917941,1
-42.637577,-1.0779506,1
-45.138477,-9.407992,1
-44.783493,-10.596629,1
-11.9494505,30.680344,1
-11.969964,30.724592,1
-7.447367,28.632963,0
35.296677,15.465318,0
10.525599,25.618767,0
-31.391983,12.185916,0
-7.8456383,32.38448,0
-31.723404,12.529938,0
28.288311,37.34276,0
10.874859,20.931389,0
39.096394,11.909895,0
-5.6534653,18.82841,0
11.036974,21.036978,0
32.423103,15.222386,0
-30.883965,17.281345,0
12.1259365,21.866503,0
12.032165,21.91041,0
11.441903,22.90938,0
11.392182,21.58623,0
13.174,23.612478,0
9.767693,21.893164,1
-44.578445,-10.703995,1
12.3415985,23.481792,1
13.182513,23.121174,1
11.940304,22.677206,1
10.154523,21.944313,1
-22.405392,22.286863,1
33.389782,10.283688,1
33.7807,9.863592,1
33.775177,10.385031,1
12.235182,24.568918,1
11.734743,23.57409,1
12.768585,24.15825,1
11.880195,23.888866,1
11.3108225,23.62352,1
11.409237,24.430134,1
11.228765,24.632662,1
10.986125,24.012733,1
34.01949,11.42827,1
33.792625,10.202231,1
19.363188,20.18849,1
11.986336,23.988983,1
10.638308,22.47763,1
-3.3299847,26.583906,0
-19.996164,24.998158,0
